datetime,person_id
2023/03/01,1
2023/03/02,2
2023/03/03,3
2023/03/04,4
2023/03/05,5
2023/03/06,6
2023/03/07,7
2023/03/08,8
2023/03/09,9
2023/03/10,10
2023/03/11,11
2023/03/12,12
2023/03/13,13
2023/03/14,14
2023/03/15,15
2023/03/16,16
2023/03/17,17
2023/03/18,18
2023/03/19,19
2023/03/20,20
2023/03/21,21
2023/03/22,22
2023/03/23,23
2023/03/24,24
2023/03/25,25
2023/03/26,26
2023/03/27,27
2023/03/28,28
2023/03/29,29
2023/03/30,30
2023/03/31,31
2023/04/01,32
2023/04/02,33
2023/04/03,34
2023/04/04,35
2023/04/05,36
2023/04/06,37
2023/04/07,38
2023/04/08,39
2023/04/09,40
2023/04/10,41
2023/04/11,42
2023/04/12,43
2023/04/13,44
2023/04/14,45
2023/04/15,46
2023/04/16,47
2023/04/17,48
2023/04/18,49
2023/04/19,50
2023/04/20,51
2023/04/21,52
2023/04/22,53
2023/04/23,54
2023/04/24,55
2023/04/25,56
2023/04/26,57
2023/04/27,58
2023/04/28,59
2023/04/29,60
2023/04/30,61
2023/05/01,62
2023/05/02,63
2023/05/03,64
2023/05/04,65
2023/05/05,66
2023/05/06,67
2023/05/07,68
2023/05/08,69
2023/05/09,70
2023/05/10,71
2023/05/11,72
2023/05/12,73
2023/05/13,74
2023/05/14,75
2023/05/15,76
2023/05/16,77
2023/05/17,78
2023/05/18,79
2023/05/19,80
2023/05/20,81
2023/05/21,82
2023/05/22,83
2023/05/23,84
2023/05/24,85
2023/05/25,86
2023/05/26,87
2023/05/27,88
2023/05/28,89
2023/05/29,90
2023/05/30,91
2023/05/31,92
2023/06/01,93
2023/06/02,94
2023/06/03,95
2023/06/04,96
2023/06/05,97
2023/06/06,98
2023/06/07,99
2023/06/08,100
2023/06/09,101
2023/06/10,102
2023/06/11,103
2023/06/12,104
2023/06/13,105
2023/06/14,106
2023/06/15,107
2023/06/16,108
2023/06/17,109
2023/06/18,110
2023/06/19,111
2023/06/20,112
2023/06/21,113
2023/06/22,114
2023/06/23,115
2023/06/24,116
2023/06/25,117
2023/06/26,118
2023/06/27,119
2023/06/28,120
2023/06/29,121
2023/06/30,122
2023/07/01,123
2023/07/02,124
2023/07/03,125
2023/07/04,126
2023/07/05,127
2023/07/06,128
2023/07/07,129
2023/07/08,130
2023/07/09,131
2023/07/10,132
2023/07/11,133
2023/07/12,134
2023/07/13,135
2023/07/14,136
2023/07/15,137
2023/07/16,138
2023/07/17,139
2023/07/18,140
2023/07/19,141
2023/07/20,142
2023/07/21,143
2023/07/22,144
2023/07/23,145
2023/07/24,146
2023/07/25,147
2023/07/26,148
2023/07/27,149
2023/07/28,150
2023/07/29,151
2023/07/30,152
2023/07/31,153
2023/08/01,154
2023/08/02,155
2023/08/03,156
2023/08/04,157
2023/08/05,158
2023/08/06,159
2023/08/07,160
2023/08/08,161
2023/08/09,162
2023/08/10,163
2023/08/11,164
2023/08/12,165
2023/08/13,166
2023/08/14,167
2023/08/15,168
2023/08/16,169
2023/08/17,170
2023/08/18,171
2023/08/19,172
2023/08/20,173
2023/08/21,174
2023/08/22,175
2023/08/23,176
2023/08/24,177
2023/08/25,178
2023/08/26,179
2023/08/27,180
2023/08/28,181
2023/08/29,182
2023/08/30,183
2023/08/31,184
2023/09/01,185
2023/09/02,186
2023/09/03,187
2023/09/04,188
2023/09/05,189
2023/09/06,190
2023/09/07,191
2023/09/08,192
2023/09/09,193
2023/09/10,194
2023/09/11,195
2023/09/12,196
2023/09/13,197
2023/09/14,198
2023/09/15,199
2023/09/16,200
2023/09/17,201
2023/09/18,202
2023/09/19,203
2023/09/20,204
2023/09/21,205
2023/09/22,206
2023/09/23,207
2023/09/24,208
2023/09/25,209
2023/09/26,210
2023/09/27,211
2023/09/28,212
2023/09/29,213
2023/09/30,214
2023/10/01,215
2023/10/02,216
2023/10/03,217
2023/10/04,218
2023/10/05,219
2023/10/06,220
2023/10/07,221
2023/10/08,222
2023/10/09,223
2023/10/10,224
2023/10/11,225
2023/10/12,226
2023/10/13,227
2023/10/14,228
2023/10/15,229
2023/10/16,230
2023/10/17,231
2023/10/18,232
2023/10/19,233
2023/10/20,234
2023/10/21,235
2023/10/22,236
2023/10/23,237
2023/10/24,238
2023/10/25,239
2023/10/26,240
2023/10/27,241
2023/10/28,242
2023/10/29,243
2023/10/30,244
2023/10/31,245
2023/11/01,246
2023/11/02,247
2023/11/03,248
2023/11/04,249
2023/11/05,250
2023/11/06,251
2023/11/07,252
2023/11/08,253
2023/11/09,254
2023/11/10,255
2023/11/11,256
2023/11/12,257
2023/11/13,258
2023/11/14,259
2023/11/15,260
2023/11/16,261
2023/11/17,262
2023/11/18,263
2023/11/19,264
2023/11/20,265
2023/11/21,266
2023/11/22,267
2023/11/23,268
2023/11/24,269
2023/11/25,270
2023/11/26,271
2023/11/27,272
2023/11/28,273
2023/11/29,274
2023/11/30,275
2023/12/01,276
2023/12/02,277
2023/12/03,278
2023/12/04,279
2023/12/05,280
2023/12/06,281
2023/12/07,282
2023/12/08,283
2023/12/09,284
2023/12/10,285
2023/12/11,286
2023/12/12,287
2023/12/13,288
2023/12/14,289
2023/12/15,290
2023/12/16,291
2023/12/17,292
2023/12/18,293
2023/12/19,294
2023/12/20,295
2023/12/21,296
2023/12/22,297
2023/12/23,298
2023/12/24,299
2023/12/25,300
2023/12/26,301
2023/12/27,302
2023/12/28,303
2023/12/29,304
2023/12/30,305
2023/12/31,306
2024/01/01,307
2024/01/02,308
2024/01/03,309
2024/01/04,310
2024/01/05,311
2024/01/06,312
2024/01/07,313
2024/01/08,314
2024/01/09,315
2024/01/10,316
2024/01/11,317
2024/01/12,318
2024/01/13,319
2024/01/14,320
2024/01/15,321
2024/01/16,322
2024/01/17,323
2024/01/18,324
2024/01/19,325
2024/01/20,326
2024/01/21,327
2024/01/22,328
2024/01/23,329
2024/01/24,330
2024/01/25,331
2024/01/26,332
2024/01/27,333
2024/01/28,334
2024/01/29,335
2024/01/30,336
2024/01/31,337
2024/02/01,338
2024/02/02,339
2024/02/03,340
2024/02/04,341
2024/02/05,342
2024/02/06,343
2024/02/07,344
2024/02/08,345
2024/02/09,346
2024/02/10,347
2024/02/11,348
2024/02/12,349
2024/02/13,350
2024/02/14,351
2024/02/15,352
2024/02/16,353
2024/02/17,354
2024/02/18,355
2024/02/19,356
2024/02/20,357
2024/02/21,358
2024/02/22,359
2024/02/23,360
2024/02/24,361
2024/02/25,362
2024/02/26,363
2024/02/27,364
2024/02/28,365
2024/02/29,366
2024/03/01,367
2024/03/02,368
2024/03/03,369
2024/03/04,370
2024/03/05,371
2024/03/06,372
2024/03/07,373
2024/03/08,374
2024/03/09,375
2024/03/10,376
2024/03/11,377
2024/03/12,378
2024/03/13,379
2024/03/14,380
2024/03/15,381
2024/03/16,382
2024/03/17,383
2024/03/18,384
2024/03/19,385
2024/03/20,386
2024/03/21,387
2024/03/22,388
2024/03/23,389
2024/03/24,390
2024/03/25,391
2024/03/26,392
2024/03/27,393
2024/03/28,394
2024/03/29,395
2024/03/30,396
2024/03/31,397
2024/04/01,398
2024/04/02,399
2024/04/03,400
2024/04/04,401
2024/04/05,402
2024/04/06,403
2024/04/07,404
2024/04/08,405
2024/04/09,406
2024/04/10,407
2024/04/11,408
2024/04/12,409
2024/04/13,410
2024/04/14,411
2024/04/15,412
2024/04/16,413
2024/04/17,414
2024/04/18,415
2024/04/19,416
2024/04/20,417
2024/04/21,418
2024/04/22,419
2024/04/23,420
2024/04/24,421
2024/04/25,422
2024/04/26,423
2024/04/27,424
2024/04/28,425
2024/04/29,426
2024/04/30,427
2024/05/01,428
2024/05/02,429
2024/05/03,430
2024/05/04,431
2024/05/05,432
2024/05/06,433
2024/05/07,434
2024/05/08,435
2024/05/09,436
2024/05/10,437
2024/05/11,438
2024/05/12,439
2024/05/13,440
2024/05/14,441
2024/05/15,442
2024/05/16,443
2024/05/17,444
2024/05/18,445
2024/05/19,446
2024/05/20,447
2024/05/21,448
2024/05/22,449
2024/05/23,450
2024/05/24,451
2024/05/25,452
2024/05/26,453
2024/05/27,454
2024/05/28,455
2024/05/29,456
2024/05/30,457
2024/05/31,458
2024/06/01,459
2024/06/02,460
2024/06/03,461
2024/06/04,462
2024/06/05,463
2024/06/06,464
2024/06/07,465
2024/06/08,466
2024/06/09,467
2024/06/10,468
2024/06/11,469
2024/06/12,470
2024/06/13,471
2024/06/14,472
2024/06/15,473
2024/06/16,474
2024/06/17,475
2024/06/18,476
2024/06/19,477
2024/06/20,478
2024/06/21,479
2024/06/22,480
2024/06/23,481
2024/06/24,482
2024/06/25,483
2024/06/26,484
2024/06/27,485
2024/06/28,486
2024/06/29,487
2024/06/30,488
2024/07/01,489
2024/07/02,490
2024/07/03,491
2024/07/04,492
2024/07/05,493
2024/07/06,494
2024/07/07,495
2024/07/08,496
2024/07/09,497
2024/07/10,498
2024/07/11,499
2024/07/12,500
2024/07/13,501
2024/07/14,502
2024/07/15,503
2024/07/16,504
2024/07/17,505
2024/07/18,506
2024/07/19,507
2024/07/20,508
2024/07/21,509
2024/07/22,510
2024/07/23,511
2024/07/24,512
2024/07/25,513
2024/07/26,514
2024/07/27,515
2024/07/28,516
2024/07/29,517
2024/07/30,518
2024/07/31,519
2024/08/01,520
2024/08/02,521
2024/08/03,522
2024/08/04,523
2024/08/05,524
2024/08/06,525
2024/08/07,526
2024/08/08,527
2024/08/09,528
2024/08/10,529
2024/08/11,530
2024/08/12,531
2024/08/13,532
2024/08/14,533
2024/08/15,534
2024/08/16,535
2024/08/17,536
2024/08/18,537
2024/08/19,538
2024/08/20,539
2024/08/21,540
2024/08/22,541
2024/08/23,542
2024/08/24,543
2024/08/25,544
2024/08/26,545
2024/08/27,546
2024/08/28,547
2024/08/29,548
2024/08/30,549
2024/08/31,550
2024/09/01,551
2024/09/02,552
2024/09/03,553
2024/09/04,554
2024/09/05,555
2024/09/06,556
2024/09/07,557
2024/09/08,558
2024/09/09,559
2024/09/10,560
2024/09/11,561
2024/09/12,562
2024/09/13,563
2024/09/14,564
2024/09/15,565
2024/09/16,566
2024/09/17,567
2024/09/18,568
2024/09/19,569
2024/09/20,570
2024/09/21,571
2024/09/22,572
2024/09/23,573
2024/09/24,574
2024/09/25,575
2024/09/26,576
2024/09/27,577
2024/09/28,578
2024/09/29,579
2024/09/30,580
2024/10/01,581
2024/10/02,582
2024/10/03,583
2024/10/04,584
2024/10/05,585
2024/10/06,586
2024/10/07,587
2024/10/08,588
2024/10/09,589
2024/10/10,590
2024/10/11,591
2024/10/12,592
2024/10/13,593
2024/10/14,594
2024/10/15,595
2024/10/16,596
2024/10/17,597
2024/10/18,598
2024/10/19,599
2024/10/20,600
2024/10/21,601
2024/10/22,602
2024/10/23,603
2024/10/24,604
2024/10/25,605
2024/10/26,606
2024/10/27,607
2024/10/28,608
2024/10/29,609
2024/10/30,610
2024/10/31,611
2024/11/01,612
2024/11/02,613
2024/11/03,614
2024/11/04,615
2024/11/05,616
2024/11/06,617
2024/11/07,618
2024/11/08,619
2024/11/09,620
2024/11/10,621
2024/11/11,622
2024/11/12,623
2024/11/13,624
2024/11/14,625
2024/11/15,626
2024/11/16,627
2024/11/17,628
2024/11/18,629
2024/11/19,630
2024/11/20,631
2024/11/21,632
2024/11/22,633
2024/11/23,634
2024/11/24,635
2024/11/25,636
2024/11/26,637
2024/11/27,638
2024/11/28,639
2024/11/29,640
2024/11/30,641
2024/12/01,642
2024/12/02,643
2024/12/03,644
2024/12/04,645
2024/12/05,646
2024/12/06,647
2024/12/07,648
2024/12/08,649
2024/12/09,650
2024/12/10,651
2024/12/11,652
2024/12/12,653
2024/12/13,654
2024/12/14,655
2024/12/15,656
2024/12/16,657
2024/12/17,658
2024/12/18,659
2024/12/19,660
2024/12/20,661
2024/12/21,662
2024/12/22,663
2024/12/23,664
2024/12/24,665
2024/12/25,666
2024/12/26,667
2024/12/27,668
2024/12/28,669
2024/12/29,670
2024/12/30,671
2024/12/31,672
2025/01/01,673
2025/01/02,674
2025/01/03,675
2025/01/04,676
2025/01/05,677
2025/01/06,678
2025/01/07,679
2025/01/08,680
2025/01/09,681
2025/01/10,682
2025/01/11,683
2025/01/12,684
2025/01/13,685
2025/01/14,686
2025/01/15,687
2025/01/16,688
2025/01/17,689
2025/01/18,690
2025/01/19,691
2025/01/20,692
2025/01/21,693
2025/01/22,694
2025/01/23,695
2025/01/24,696
2025/01/25,697
2025/01/26,698
2025/01/27,699
2025/01/28,700
2025/01/29,701
2025/01/30,702
2025/01/31,703
2025/02/01,704
2025/02/02,705
2025/02/03,706
2025/02/04,707
2025/02/05,708
2025/02/06,709
2025/02/07,710
2025/02/08,711
2025/02/09,712
2025/02/10,713
2025/02/11,714
2025/02/12,715
2025/02/13,716
2025/02/14,717
2025/02/15,718
2025/02/16,719
2025/02/17,720
2025/02/18,721
2025/02/19,722
2025/02/20,723
2025/02/21,724
2025/02/22,725
2025/02/23,726
2025/02/24,727
2025/02/25,728
2025/02/26,729
2025/02/27,730
2025/02/28,731
2025/03/01,732
2025/03/02,733
2025/03/03,734
2025/03/04,735
2025/03/05,736
2025/03/06,737
2025/03/07,738
2025/03/08,739
2025/03/09,740
2025/03/10,741
2025/03/11,742
2025/03/12,743
2025/03/13,744
2025/03/14,745
2025/03/15,746
2025/03/16,747
2025/03/17,748
2025/03/18,749
2025/03/19,750
2025/03/20,751
2025/03/21,752
2025/03/22,753
2025/03/23,754
2025/03/24,755
2025/03/25,756
2025/03/26,757
2025/03/27,758
2025/03/28,759
2025/03/29,760
2025/03/30,761
2025/03/31,762
2025/04/01,763
2025/04/02,764
2025/04/03,765
2025/04/04,766
2025/04/05,767
2025/04/06,768
2025/04/07,769
2025/04/08,770
2025/04/09,771
2025/04/10,772
2025/04/11,773
2025/04/12,774
2025/04/13,775
2025/04/14,776
2025/04/15,777
2025/04/16,778
2025/04/17,779
2025/04/18,780
2025/04/19,781
2025/04/20,782
2025/04/21,783
2025/04/22,784
2025/04/23,785
2025/04/24,786
2025/04/25,787
2025/04/26,788
2025/04/27,789
2025/04/28,790
2025/04/29,791
2025/04/30,792
2025/05/01,793
2025/05/02,794
2025/05/03,795
2025/05/04,796
2025/05/05,797
2025/05/06,798
2025/05/07,799
2025/05/08,800
2025/05/09,801
2025/05/10,802
2025/05/11,803
2025/05/12,804
2025/05/13,805
2025/05/14,806
2025/05/15,807
2025/05/16,808
2025/05/17,809
2025/05/18,810
2025/05/19,811
2025/05/20,812
2025/05/21,813
2025/05/22,814
2025/05/23,815
2025/05/24,816
2025/05/25,817
2025/05/26,818
2025/05/27,819
2025/05/28,820
2025/05/29,821
2025/05/30,822
2025/05/31,823
2025/06/01,824
2025/06/02,825
2025/06/03,826
2025/06/04,827
2025/06/05,828
2025/06/06,829
2025/06/07,830
2025/06/08,831
2025/06/09,832
2025/06/10,833
2025/06/11,834
2025/06/12,835
2025/06/13,836
2025/06/14,837
2025/06/15,838
2025/06/16,839
2025/06/17,840
2025/06/18,841
2025/06/19,842
2025/06/20,843
2025/06/21,844
2025/06/22,845
2025/06/23,846
2025/06/24,847
2025/06/25,848
2025/06/26,849
2025/06/27,850
2025/06/28,851
2025/06/29,852
2025/06/30,853
2025/07/01,854
2025/07/02,855
2025/07/03,856
2025/07/04,857
2025/07/05,858
2025/07/06,859
2025/07/07,860
2025/07/08,861
2025/07/09,862
2025/07/10,863
2025/07/11,864
2025/07/12,865
2025/07/13,866
2025/07/14,867
2025/07/15,868
2025/07/16,869
2025/07/17,870
2025/07/18,871
2025/07/19,872
2025/07/20,873
2025/07/21,874
2025/07/22,875
2025/07/23,876
2025/07/24,877
2025/07/25,878
2025/07/26,879
2025/07/27,880
2025/07/28,881
2025/07/29,882
2025/07/30,883
2025/07/31,884
2025/08/01,885
2025/08/02,886
2025/08/03,887
2025/08/04,888
2025/08/05,889
2025/08/06,890
2025/08/07,891
2025/08/08,892
2025/08/09,893
2025/08/10,894
2025/08/11,895
2025/08/12,896
2025/08/13,897
2025/08/14,898
2025/08/15,899
2025/08/16,900
2025/08/17,901
2025/08/18,902
2025/08/19,903
2025/08/20,904
2025/08/21,905
2025/08/22,906
2025/08/23,907
2025/08/24,908
2025/08/25,909
2025/08/26,910
2025/08/27,911
2025/08/28,912
2025/08/29,913
2025/08/30,914
2025/08/31,915
2025/09/01,916
2025/09/02,917
2025/09/03,918
2025/09/04,919
2025/09/05,920
2025/09/06,921
2025/09/07,922
2025/09/08,923
2025/09/09,924
2025/09/10,925
2025/09/11,926
2025/09/12,927
2025/09/13,928
2025/09/14,929
2025/09/15,930
2025/09/16,931
2025/09/17,932
2025/09/18,933
2025/09/19,934
2025/09/20,935
2025/09/21,936
2025/09/22,937
2025/09/23,938
2025/09/24,939
2025/09/25,940
2025/09/26,941
2025/09/27,942
2025/09/28,943
2025/09/29,944
2025/09/30,945
2025/10/01,946
2025/10/02,947
2025/10/03,948
2025/10/04,949
2025/10/05,950
2025/10/06,951
2025/10/07,952
2025/10/08,953
2025/10/09,954
2025/10/10,955
2025/10/11,956
2025/10/12,957
2025/10/13,958
2025/10/14,959
2025/10/15,960
2025/10/16,961
2025/10/17,962
2025/10/18,963
2025/10/19,964
2025/10/20,965
2025/10/21,966
2025/10/22,967
2025/10/23,968
2025/10/24,969
2025/10/25,970
2025/10/26,971
2025/10/27,972
2025/10/28,973
2025/10/29,974
2025/10/30,975
2025/10/31,976
2025/11/01,977
2025/11/02,978
2025/11/03,979
2025/11/04,980
2025/11/05,981
2025/11/06,982
2025/11/07,983
2025/11/08,984
2025/11/09,985
2025/11/10,986
2025/11/11,987
2025/11/12,988
2025/11/13,989
2025/11/14,990
2025/11/15,991
2025/11/16,992
2025/11/17,993
2025/11/18,994
2025/11/19,995
2025/11/20,996
2025/11/21,997
2025/11/22,998
2025/11/23,999